n,query,category
1,"iPhone 17 / 17 Pro / 17 Pro Max",Celulares
2,"Samsung Galaxy S26 Ultra",Celulares
3,"Smart TV Samsung 55"" 4K",TV
4,"PlayStation 5 / PS5 Slim",Gaming
5,"Nintendo Switch 2",Gaming
6,"Notebook Gamer Lenovo LOQ",Computación
7,"iPhone 16 / 16 Pro",Celulares
8,"AirPods Pro",Audio
9,"Notebook ASUS TUF Gaming",Computación
10,"Smart TV LG 55"" 4K",TV
11,"Samsung Galaxy S25 / S25 FE",Celulares
12,"Apple Watch",Wearables
13,"MacBook Air",Computación
14,"iPad",Tablet
15,"Xiaomi Redmi Note",Celulares
16,"Samsung Galaxy A57 5G",Celulares
17,"Smart TV 65"" 4K",TV
18,"Refrigerador No Frost",Línea blanca
19,"Lavadora 9–12 kg",Línea blanca
20,"Aspiradora robot",Hogar
21,"HONOR 400 / 400 Pro",Celulares
22,"Xiaomi 17 Ultra",Celulares
23,"Motorola Edge 70",Celulares
24,"Samsung Galaxy Tab",Tablet
25,"Xiaomi Pad",Tablet
26,"Notebook ASUS Vivobook",Computación
27,"Notebook Lenovo IdeaPad",Computación
28,"Notebook HP",Computación
29,"Notebook Acer Aspire",Computación
30,"Monitor gamer 27""",Computación
31,"Monitor 24""",Computación
32,"SSD NVMe 1 TB",Computación
33,"Disco SSD externo",Computación
34,"Memoria RAM DDR5",Computación
35,"Tarjeta gráfica RTX 5060/5070",Computación
36,"Mouse gamer Logitech",Gaming
37,"Teclado mecánico",Gaming
38,"Silla gamer",Gaming
39,"Audífonos gamer",Gaming
40,"Control PS5 DualSense",Gaming
41,"Xbox Series X / S",Gaming
42,"Meta Quest",VR
43,"AirPods",Audio
44,"JBL parlante Bluetooth",Audio
45,"Audífonos Sony WH",Audio
46,"Soundbar Samsung",Audio
47,"Smart TV 32""",TV
48,"Smart TV 43"" 4K",TV
49,"Smart TV 50"" 4K",TV
50,"Smart TV 75""",TV
51,"TV OLED LG",TV
52,"Samsung Neo QLED",TV
53,"TCL QLED / Mini LED",TV
54,"Hisense QLED / Mini LED",TV
55,"Chromecast / Google TV",Streaming
56,"Roku TV / Roku Express",Streaming
57,"Amazon Fire TV Stick",Streaming
58,"Freidora de aire",Cocina
59,"Cafetera automática",Cocina
60,"Cafetera Nespresso",Cocina
61,"Microondas",Cocina
62,"Horno eléctrico",Cocina
63,"Licuadora",Cocina
64,"Batidora",Cocina
65,"Hervidor eléctrico",Cocina
66,"Parrilla eléctrica",Cocina
67,"Aspiradora inalámbrica",Hogar
68,"Dreame H12 Pro",Hogar
69,"Aspiradora Xiaomi",Hogar
70,"Aspiradora Dyson",Hogar
71,"Secadora de ropa",Línea blanca
72,"Lavasecadora",Línea blanca
73,"Refrigerador Midea",Línea blanca
74,"Refrigerador Samsung",Línea blanca
75,"Refrigerador LG",Línea blanca
76,"Lavadora Midea",Línea blanca
77,"Lavadora Samsung",Línea blanca
78,"Lavadora LG",Línea blanca
79,"Cama europea 2 plazas",Dormitorio
80,"Cama europea King",Dormitorio
81,"Colchón 2 plazas",Dormitorio
82,"Colchón King",Dormitorio
83,"Sofá / seccional",Muebles
84,"Comedor",Muebles
85,"Zapatillas Adidas",Moda
86,"Zapatillas Nike",Moda
87,"Zapatillas Puma",Moda
88,"Zapatillas New Balance",Moda
89,"Chaquetas outdoor",Moda
90,"Perfumes hombre",Belleza
91,"Perfumes mujer",Belleza
92,"Protector solar",Belleza
93,"Skincare / sérum facial",Belleza
94,"Secador de pelo",Belleza
95,"Alisador de pelo",Belleza
96,"Bicicleta estática",Fitness
97,"Trotadora",Fitness
98,"Home Gym / multigimnasio",Fitness
99,"Mancuernas ajustables",Fitness
100,"Smartwatch Garmin",Wearables
